Id,task_1,task_2
Cancer_data/test/melanoma/ISIC_0013411.jpg,-0.6749739050865173,-0.6473934650421143
Cancer_data/test/melanoma/ISIC_0014541.jpg,1.76010000705719,-5.632574081420898
Cancer_data/test/melanoma/ISIC_0013948.jpg,-0.11052025109529495,-1.6902252435684204
Cancer_data/test/melanoma/ISIC_0015004.jpg,0.8837434649467468,-2.3085556030273438
Cancer_data/test/melanoma/ISIC_0013842.jpg,-1.0895054340362549,-3.2649800777435303
Cancer_data/test/melanoma/ISIC_0013459.jpg,-0.4865487217903137,-4.270330429077148
Cancer_data/test/melanoma/ISIC_0014349.jpg,0.6381113529205322,-1.7554353475570679
Cancer_data/test/melanoma/ISIC_0012258.jpg,-1.467410922050476,-0.955429196357727
Cancer_data/test/melanoma/ISIC_0014233.jpg,-0.00135822594165802,0.63054358959198
Cancer_data/test/melanoma/ISIC_0015127.jpg,2.2964224815368652,-7.386898040771484
Cancer_data/test/melanoma/ISIC_0014319.jpg,1.0809141397476196,-2.537151575088501
Cancer_data/test/melanoma/ISIC_0012758.jpg,-3.7564697265625,-9.265378952026367
Cancer_data/test/melanoma/ISIC_0013374.jpg,2.0650253295898438,-2.8296806812286377
Cancer_data/test/melanoma/ISIC_0012989.jpg,-1.1727687120437622,-4.743905544281006
Cancer_data/test/melanoma/ISIC_0014284.jpg,0.04325808584690094,0.008835244923830032
Cancer_data/test/melanoma/ISIC_0015050.jpg,-1.5405827760696411,-2.3484244346618652
Cancer_data/test/melanoma/ISIC_0014928.jpg,0.5819674730300903,-6.519745349884033
Cancer_data/test/melanoma/ISIC_0014369.jpg,0.9304516315460205,-5.8062872886657715
Cancer_data/test/melanoma/ISIC_0014963.jpg,0.5211800932884216,-4.712308406829834
Cancer_data/test/melanoma/ISIC_0013739.jpg,-1.06975519657135,-2.0507493019104004
Cancer_data/test/melanoma/ISIC_0013766.jpg,1.513358473777771,-6.121798992156982
Cancer_data/test/melanoma/ISIC_0014727.jpg,-0.003441590815782547,0.8674026131629944
Cancer_data/test/melanoma/ISIC_0013472.jpg,-0.10648069530725479,-2.256948709487915
Cancer_data/test/melanoma/ISIC_0014862.jpg,0.06033070385456085,-4.2396697998046875
Cancer_data/test/melanoma/ISIC_0015167.jpg,4.531528949737549,-5.973389625549316
Cancer_data/test/melanoma/ISIC_0014110.jpg,0.19819165766239166,-9.94595718383789
Cancer_data/test/melanoma/ISIC_0014800.jpg,0.9646686911582947,-4.979262351989746
Cancer_data/test/melanoma/ISIC_0014982.jpg,1.141372799873352,-5.878532409667969
Cancer_data/test/melanoma/ISIC_0014219.jpg,0.18593136966228485,-0.7490859627723694
Cancer_data/test/melanoma/ISIC_0014181.jpg,1.018351674079895,-0.7989373803138733
Cancer_data/test/melanoma/ISIC_0013678.jpg,-0.8450581431388855,-0.10872723162174225
Cancer_data/test/melanoma/ISIC_0014478.jpg,0.7864052653312683,-4.3161540031433105
Cancer_data/test/melanoma/ISIC_0013767.jpg,0.4339643716812134,-1.9017903804779053
Cancer_data/test/melanoma/ISIC_0013917.jpg,-2.536907434463501,-7.853233814239502
Cancer_data/test/melanoma/ISIC_0015163.jpg,1.4346301555633545,-4.940956115722656
Cancer_data/test/melanoma/ISIC_0014255.jpg,-0.39098429679870605,-1.1123169660568237
Cancer_data/test/melanoma/ISIC_0012395.jpg,1.2107070684432983,-5.0865888595581055
Cancer_data/test/melanoma/ISIC_0014434.jpg,0.2184997946023941,0.08094749599695206
Cancer_data/test/melanoma/ISIC_0013636.jpg,3.994727849960327,-5.963724136352539
Cancer_data/test/melanoma/ISIC_0014703.jpg,-0.2983242869377136,-0.8599106669425964
Cancer_data/test/melanoma/ISIC_0015251.jpg,-0.5490708947181702,-3.6086061000823975
Cancer_data/test/melanoma/ISIC_0014454.jpg,0.45549899339675903,-0.5640680193901062
Cancer_data/test/melanoma/ISIC_0014548.jpg,0.9451601505279541,-2.9264321327209473
Cancer_data/test/melanoma/ISIC_0014148.jpg,-0.22915248572826385,-1.1898071765899658
Cancer_data/test/melanoma/ISIC_0015133.jpg,1.5701309442520142,-11.689011573791504
Cancer_data/test/melanoma/ISIC_0013588.jpg,-0.7682173252105713,-1.5800580978393555
Cancer_data/test/melanoma/ISIC_0013473.jpg,1.7995327711105347,-1.4038641452789307
Cancer_data/test/melanoma/ISIC_0013733.jpg,0.5607512593269348,-3.9910526275634766
Cancer_data/test/melanoma/ISIC_0014186.jpg,-1.37357497215271,1.7766788005828857
Cancer_data/test/melanoma/ISIC_0013242.jpg,0.1486499011516571,-3.0338668823242188
Cancer_data/test/melanoma/ISIC_0014160.jpg,2.2244579792022705,-4.295729160308838
Cancer_data/test/melanoma/ISIC_0014059.jpg,-2.453254461288452,-4.596876621246338
Cancer_data/test/melanoma/ISIC_0013867.jpg,0.444078266620636,-1.468819260597229
Cancer_data/test/melanoma/ISIC_0013813.jpg,-0.4901816248893738,-1.7863487005233765
Cancer_data/test/melanoma/ISIC_0014542.jpg,-0.11518901586532593,-1.044815182685852
Cancer_data/test/melanoma/ISIC_0013414.jpg,-1.8173294067382812,-3.836660146713257
Cancer_data/test/melanoma/ISIC_0015142.jpg,0.29106324911117554,-0.6628313660621643
Cancer_data/test/melanoma/ISIC_0015180.jpg,-1.6212437152862549,-0.12304606288671494
Cancer_data/test/melanoma/ISIC_0014489.jpg,0.7646009922027588,-2.363152503967285
Cancer_data/test/melanoma/ISIC_0014666.jpg,0.9871231913566589,-0.8208262920379639
Cancer_data/test/melanoma/ISIC_0014772.jpg,-0.502339243888855,-1.5499659776687622
Cancer_data/test/melanoma/ISIC_0013814.jpg,-0.06392379850149155,-1.3253570795059204
Cancer_data/test/melanoma/ISIC_0013455.jpg,0.22023867070674896,-9.064573287963867
Cancer_data/test/melanoma/ISIC_0014336.jpg,0.44960635900497437,-1.1877319812774658
Cancer_data/test/melanoma/ISIC_0012356.jpg,-0.914922833442688,-0.19180910289287567
Cancer_data/test/melanoma/ISIC_0014288.jpg,-1.3403167724609375,-2.2336854934692383
Cancer_data/test/melanoma/ISIC_0014103.jpg,-0.012220289558172226,-2.659637928009033
Cancer_data/test/melanoma/ISIC_0014883.jpg,0.9529512524604797,-7.941256523132324
Cancer_data/test/melanoma/ISIC_0014932.jpg,-0.2893446683883667,-7.945252895355225
Cancer_data/test/melanoma/ISIC_0014077.jpg,1.5598266124725342,-2.289018392562866
Cancer_data/test/melanoma/ISIC_0015185.jpg,3.4453253746032715,-3.121739149093628
Cancer_data/test/melanoma/ISIC_0015132.jpg,0.8233060836791992,-3.155517816543579
Cancer_data/test/melanoma/ISIC_0013617.jpg,-1.1403725147247314,-3.4422874450683594
Cancer_data/test/melanoma/ISIC_0013457.jpg,1.645078420639038,-4.185088157653809
Cancer_data/test/melanoma/ISIC_0014784.jpg,-0.6895753741264343,-1.3080841302871704
Cancer_data/test/melanoma/ISIC_0014766.jpg,1.3979568481445312,-6.058936595916748
Cancer_data/test/melanoma/ISIC_0014270.jpg,-0.16063469648361206,-3.2767679691314697
Cancer_data/test/melanoma/ISIC_0015046.jpg,2.505749225616455,-12.708301544189453
Cancer_data/test/melanoma/ISIC_0013577.jpg,1.796407699584961,-1.2570865154266357
Cancer_data/test/melanoma/ISIC_0014027.jpg,-1.2130814790725708,-3.2397425174713135
Cancer_data/test/melanoma/ISIC_0015041.jpg,-0.3858678340911865,-3.936540365219116
Cancer_data/test/melanoma/ISIC_0014663.jpg,0.704744815826416,-4.666651248931885
Cancer_data/test/melanoma/ISIC_0014912.jpg,0.9979687333106995,-2.7930185794830322
Cancer_data/test/melanoma/ISIC_0012369.jpg,0.3061399459838867,-2.8735854625701904
Cancer_data/test/melanoma/ISIC_0013277.jpg,-0.060091208666563034,-3.4674649238586426
Cancer_data/test/melanoma/ISIC_0014826.jpg,-0.6986181735992432,-11.414529800415039
Cancer_data/test/melanoma/ISIC_0013987.jpg,0.5772289633750916,-1.0766814947128296
Cancer_data/test/melanoma/ISIC_0014513.jpg,-0.2657419443130493,-3.6195874214172363
Cancer_data/test/melanoma/ISIC_0013072.jpg,-0.7687912583351135,2.3485591411590576
Cancer_data/test/melanoma/ISIC_0015229.jpg,-0.4045265316963196,-1.0647845268249512
Cancer_data/test/melanoma/ISIC_0014695.jpg,-0.7707738280296326,-0.2605343759059906
Cancer_data/test/melanoma/ISIC_0014790.jpg,-0.7827064394950867,-1.8308029174804688
Cancer_data/test/melanoma/ISIC_0014559.jpg,2.688453197479248,-2.139371156692505
Cancer_data/test/melanoma/ISIC_0013833.jpg,1.563582420349121,-2.3938519954681396
Cancer_data/test/melanoma/ISIC_0014423.jpg,-0.1410643458366394,-2.2551071643829346
Cancer_data/test/melanoma/ISIC_0014221.jpg,0.3634604811668396,-0.8058562278747559
Cancer_data/test/melanoma/ISIC_0013565.jpg,-1.6512922048568726,1.7204927206039429
Cancer_data/test/melanoma/ISIC_0013696.jpg,-1.5125422477722168,-3.381714105606079
Cancer_data/test/melanoma/ISIC_0015156.jpg,0.6527248024940491,-3.2778780460357666
Cancer_data/test/melanoma/ISIC_0014872.jpg,-0.6459999084472656,0.4555826187133789
Cancer_data/test/melanoma/ISIC_0013925.jpg,-2.100950002670288,4.55720853805542
Cancer_data/test/melanoma/ISIC_0013988.jpg,0.6194969415664673,-1.4686824083328247
Cancer_data/test/melanoma/ISIC_0012425.jpg,-1.3069859743118286,-1.8463610410690308
Cancer_data/test/melanoma/ISIC_0014506.jpg,1.5346975326538086,-2.472966432571411
Cancer_data/test/melanoma/ISIC_0013953.jpg,-0.24727346003055573,-0.5059822797775269
Cancer_data/test/melanoma/ISIC_0014546.jpg,1.0337730646133423,-1.576425313949585
Cancer_data/test/melanoma/ISIC_0015193.jpg,1.3725796937942505,-5.639299392700195
Cancer_data/test/melanoma/ISIC_0013073.jpg,-1.1266368627548218,0.8499706983566284
Cancer_data/test/melanoma/ISIC_0013321.jpg,-2.60811185836792,0.7434959411621094
Cancer_data/test/melanoma/ISIC_0013908.jpg,0.5031129121780396,-2.7817187309265137
Cancer_data/test/melanoma/ISIC_0015119.jpg,0.6883245706558228,-3.8946051597595215
Cancer_data/test/melanoma/ISIC_0015136.jpg,1.3861671686172485,-6.55282735824585
Cancer_data/test/melanoma/ISIC_0015115.jpg,1.1076422929763794,-5.780031204223633
Cancer_data/test/melanoma/ISIC_0014129.jpg,1.2938348054885864,-2.9103405475616455
Cancer_data/test/melanoma/ISIC_0013615.jpg,1.1002925634384155,-4.195807456970215
Cancer_data/test/melanoma/ISIC_0015206.jpg,0.7745198607444763,-5.752322196960449
Cancer_data/test/melanoma/ISIC_0015071.jpg,1.4476845264434814,-5.827912330627441
Cancer_data/test/nevus/ISIC_0016053.jpg,-3.967836380004883,-5.64396858215332
Cancer_data/test/nevus/ISIC_0015355.jpg,-2.0412635803222656,-4.908148288726807
Cancer_data/test/nevus/ISIC_0015125.jpg,-0.8381956219673157,-13.612653732299805
Cancer_data/test/nevus/ISIC_0015994.jpg,-1.7723201513290405,-3.933680772781372
Cancer_data/test/nevus/ISIC_0014796.jpg,-0.19808439910411835,-5.9722580909729
Cancer_data/test/nevus/ISIC_0015129.jpg,-1.4470161199569702,-1.9153233766555786
Cancer_data/test/nevus/ISIC_0014867.jpg,-2.9360899925231934,-0.3719252347946167
Cancer_data/test/nevus/ISIC_0015482.jpg,0.30677253007888794,-6.389289379119873
Cancer_data/test/nevus/ISIC_0015293.jpg,-2.6281697750091553,-1.2229691743850708
Cancer_data/test/nevus/ISIC_0016038.jpg,-2.619358539581299,-3.027845859527588
Cancer_data/test/nevus/ISIC_0015938.jpg,-3.2712252140045166,-6.507077217102051
Cancer_data/test/nevus/ISIC_0015995.jpg,1.493066668510437,-5.91823148727417
Cancer_data/test/nevus/ISIC_0015990.jpg,-1.1948766708374023,-8.679555892944336
Cancer_data/test/nevus/ISIC_0014787.jpg,-1.0433944463729858,-2.2742531299591064
Cancer_data/test/nevus/ISIC_0015996.jpg,-1.361351728439331,-2.672725200653076
Cancer_data/test/nevus/ISIC_0015464.jpg,-0.423194944858551,-10.577229499816895
Cancer_data/test/nevus/ISIC_0012656.jpg,0.3598155379295349,-4.861093521118164
Cancer_data/test/nevus/ISIC_0013794.jpg,-4.129266738891602,-5.988229274749756
Cancer_data/test/nevus/ISIC_0016068.jpg,1.9856911897659302,-3.426236629486084
Cancer_data/test/nevus/ISIC_0014957.jpg,-1.7072783708572388,-13.059473991394043
Cancer_data/test/nevus/ISIC_0013176.jpg,-1.0753275156021118,-3.3948986530303955
Cancer_data/test/nevus/ISIC_0016012.jpg,-4.055714130401611,-7.691799640655518
Cancer_data/test/nevus/ISIC_0015607.jpg,-0.0020008496940135956,-1.5869258642196655
Cancer_data/test/nevus/ISIC_0015582.jpg,-2.5488033294677734,-5.3873515129089355
Cancer_data/test/nevus/ISIC_0015130.jpg,-3.0000665187835693,-7.954570770263672
Cancer_data/test/nevus/ISIC_0015037.jpg,-1.245711088180542,-3.5793163776397705
Cancer_data/test/nevus/ISIC_0015007.jpg,-1.4489381313323975,-0.9090179204940796
Cancer_data/test/nevus/ISIC_0014962.jpg,1.34090256690979,-7.759769916534424
Cancer_data/test/nevus/ISIC_0014961.jpg,0.17075245082378387,-4.888715744018555
Cancer_data/test/nevus/ISIC_0015057.jpg,-1.3565727472305298,-1.8844581842422485
Cancer_data/test/nevus/ISIC_0015035.jpg,-3.7540581226348877,1.5001708269119263
Cancer_data/test/nevus/ISIC_0014879.jpg,-5.400700092315674,-6.931206226348877
Cancer_data/test/nevus/ISIC_0012967.jpg,-2.4457948207855225,-0.3905108571052551
Cancer_data/test/nevus/ISIC_0016001.jpg,0.2514069080352783,-2.637140989303589
Cancer_data/test/nevus/ISIC_0014697.jpg,-1.0162965059280396,-1.2724802494049072
Cancer_data/test/nevus/ISIC_0014853.jpg,-0.7693038582801819,-9.606559753417969
Cancer_data/test/nevus/ISIC_0015232.jpg,-1.5636701583862305,-3.8980352878570557
Cancer_data/test/nevus/ISIC_0016034.jpg,0.3070933222770691,-2.712354898452759
Cancer_data/test/nevus/ISIC_0015936.jpg,-2.8377294540405273,-3.416264533996582
Cancer_data/test/nevus/ISIC_0016044.jpg,-1.0507383346557617,-5.052762031555176
Cancer_data/test/nevus/ISIC_0015309.jpg,-3.055879831314087,-3.850844383239746
Cancer_data/test/nevus/ISIC_0015985.jpg,-2.213958978652954,-4.012265205383301
Cancer_data/test/nevus/ISIC_0015060.jpg,-0.6162557005882263,-4.024289608001709
Cancer_data/test/nevus/ISIC_0015254.jpg,-1.0570056438446045,-8.631750106811523
Cancer_data/test/nevus/ISIC_0014966.jpg,1.1950438022613525,-7.648565769195557
Cancer_data/test/nevus/ISIC_0014743.jpg,0.10410164296627045,-4.146210193634033
Cancer_data/test/nevus/ISIC_0015987.jpg,-3.545865535736084,-5.672357082366943
Cancer_data/test/nevus/ISIC_0012551.jpg,-2.5868475437164307,-5.817362308502197
Cancer_data/test/nevus/ISIC_0015948.jpg,-1.3580952882766724,-4.416799068450928
Cancer_data/test/nevus/ISIC_0016011.jpg,-2.4657185077667236,0.37484675645828247
Cancer_data/test/nevus/ISIC_0015447.jpg,-0.031569696962833405,-4.304091453552246
Cancer_data/test/nevus/ISIC_0013998.jpg,-1.6753528118133545,-3.195564031600952
Cancer_data/test/nevus/ISIC_0014942.jpg,-3.3088607788085938,-8.282500267028809
Cancer_data/test/nevus/ISIC_0016006.jpg,-2.281928062438965,-1.6541849374771118
Cancer_data/test/nevus/ISIC_0012803.jpg,-1.3051793575286865,1.6090749502182007
Cancer_data/test/nevus/ISIC_0013045.jpg,0.2441857010126114,-6.515688419342041
Cancer_data/test/nevus/ISIC_0016013.jpg,-4.165755748748779,-6.446341514587402
Cancer_data/test/nevus/ISIC_0015149.jpg,0.8444742560386658,-5.384069919586182
Cancer_data/test/nevus/ISIC_0016015.jpg,-1.5275993347167969,-2.756192207336426
Cancer_data/test/nevus/ISIC_0014835.jpg,-0.5276975631713867,-3.135094165802002
Cancer_data/test/nevus/ISIC_0013164.jpg,-6.866289138793945,-9.047000885009766
Cancer_data/test/nevus/ISIC_0015237.jpg,0.943988025188446,-3.535148859024048
Cancer_data/test/nevus/ISIC_0015021.jpg,-1.7571388483047485,-2.019526481628418
Cancer_data/test/nevus/ISIC_0015563.jpg,-1.7415902614593506,-0.8929834961891174
Cancer_data/test/nevus/ISIC_0012149.jpg,-2.6205310821533203,0.4433560371398926
Cancer_data/test/nevus/ISIC_0014863.jpg,-0.49882441759109497,-3.951878786087036
Cancer_data/test/nevus/ISIC_0016041.jpg,-2.657022476196289,0.4433407187461853
Cancer_data/test/nevus/ISIC_0015368.jpg,-1.1194745302200317,-2.9991185665130615
Cancer_data/test/nevus/ISIC_0014729.jpg,-0.6352033019065857,-0.1796516329050064
Cancer_data/test/nevus/ISIC_0016060.jpg,-1.5963470935821533,-2.3468523025512695
Cancer_data/test/nevus/ISIC_0013891.jpg,-2.5342135429382324,-3.2758073806762695
Cancer_data/test/nevus/ISIC_0015952.jpg,-0.7614423036575317,-2.7081398963928223
Cancer_data/test/nevus/ISIC_0015566.jpg,0.04991554468870163,-9.523233413696289
Cancer_data/test/nevus/ISIC_0015976.jpg,-0.18434976041316986,-4.497859954833984
Cancer_data/test/nevus/ISIC_0014876.jpg,-0.5138823390007019,-5.711355209350586
Cancer_data/test/nevus/ISIC_0014947.jpg,-3.1662399768829346,-7.0502448081970215
Cancer_data/test/nevus/ISIC_0016051.jpg,-3.180460214614868,-3.5280649662017822
Cancer_data/test/nevus/ISIC_0015020.jpg,2.624781847000122,-3.275911331176758
Cancer_data/test/nevus/ISIC_0016024.jpg,0.8356471061706543,-2.0952553749084473
Cancer_data/test/nevus/ISIC_0015150.jpg,-0.6833965182304382,-7.403518199920654
Cancer_data/test/nevus/ISIC_0015944.jpg,-0.16851168870925903,0.5306152701377869
Cancer_data/test/nevus/ISIC_0015947.jpg,-2.2930092811584473,-4.3771467208862305
Cancer_data/test/nevus/ISIC_0014687.jpg,0.9119541645050049,-10.012250900268555
Cancer_data/test/nevus/ISIC_0012484.jpg,-1.8545681238174438,1.314080834388733
Cancer_data/test/nevus/ISIC_0013070.jpg,-0.7643211483955383,-3.2536885738372803
Cancer_data/test/nevus/ISIC_0015991.jpg,-1.4389190673828125,-3.7233481407165527
Cancer_data/test/nevus/ISIC_0014968.jpg,0.724134624004364,-4.978271484375
Cancer_data/test/nevus/ISIC_0015146.jpg,-2.9662444591522217,-10.837530136108398
Cancer_data/test/nevus/ISIC_0015245.jpg,-2.3329882621765137,-1.234000563621521
Cancer_data/test/nevus/ISIC_0015988.jpg,0.8195052742958069,-6.073210716247559
Cancer_data/test/nevus/ISIC_0013966.jpg,-0.8876089453697205,0.6664946675300598
Cancer_data/test/nevus/ISIC_0014998.jpg,-0.3716360926628113,-2.338003158569336
Cancer_data/test/nevus/ISIC_0012216.jpg,0.2514069080352783,-2.637140989303589
Cancer_data/test/nevus/ISIC_0015974.jpg,-2.4446380138397217,0.44297510385513306
Cancer_data/test/nevus/ISIC_0015941.jpg,-3.238403797149658,-4.601450443267822
Cancer_data/test/nevus/ISIC_0015418.jpg,-2.5623936653137207,-5.354745388031006
Cancer_data/test/nevus/ISIC_0015964.jpg,-7.141134738922119,-14.310407638549805
Cancer_data/test/nevus/ISIC_0014844.jpg,-0.171878844499588,-5.336751461029053
Cancer_data/test/nevus/ISIC_0013512.jpg,-0.03795645385980606,-0.7310915589332581
Cancer_data/test/nevus/ISIC_0012357.jpg,1.1797257661819458,-3.479388952255249
Cancer_data/test/nevus/ISIC_0015997.jpg,-0.66632479429245,-3.4376895427703857
Cancer_data/test/nevus/ISIC_0014959.jpg,-5.5362043380737305,-14.975872993469238
Cancer_data/test/nevus/ISIC_0015030.jpg,-1.3154875040054321,-2.862266778945923
Cancer_data/test/nevus/ISIC_0015347.jpg,-5.953779220581055,-14.257472038269043
Cancer_data/test/nevus/ISIC_0016070.jpg,-2.3633480072021484,-2.9668614864349365
Cancer_data/test/nevus/ISIC_0012095.jpg,-1.237022042274475,-7.147442817687988
Cancer_data/test/nevus/ISIC_0015016.jpg,-3.4656076431274414,-6.753293514251709
Cancer_data/test/nevus/ISIC_0015353.jpg,-1.2704869508743286,-2.6648831367492676
Cancer_data/test/nevus/ISIC_0015403.jpg,-1.938604712486267,1.7598695755004883
Cancer_data/test/nevus/ISIC_0016009.jpg,-2.0262835025787354,-0.6404908299446106
Cancer_data/test/nevus/ISIC_0015986.jpg,-3.316093683242798,-5.799300193786621
Cancer_data/test/nevus/ISIC_0016008.jpg,1.33556067943573,-1.0937714576721191
Cancer_data/test/nevus/ISIC_0015019.jpg,-0.41223835945129395,-3.3971195220947266
Cancer_data/test/nevus/ISIC_0014720.jpg,-0.7789108753204346,-2.5451583862304688
Cancer_data/test/nevus/ISIC_0012708.jpg,-2.3444769382476807,-7.643405437469482
Cancer_data/test/nevus/ISIC_0014977.jpg,-0.6926671266555786,-2.355780601501465
Cancer_data/test/nevus/ISIC_0015940.jpg,-2.1862363815307617,-2.070399284362793
Cancer_data/test/nevus/ISIC_0014786.jpg,0.021593555808067322,-3.554267644882202
Cancer_data/test/nevus/ISIC_0015981.jpg,0.4887236952781677,-7.902686595916748
Cancer_data/test/nevus/ISIC_0015215.jpg,0.04261893033981323,-6.766664981842041
Cancer_data/test/nevus/ISIC_0015078.jpg,-2.841855764389038,-0.9012049436569214
Cancer_data/test/nevus/ISIC_0016052.jpg,0.7137244343757629,-3.4517693519592285
Cancer_data/test/nevus/ISIC_0015255.jpg,-2.0568368434906006,-0.6114994883537292
Cancer_data/test/nevus/ISIC_0016026.jpg,-1.0025103092193604,-2.784421682357788
Cancer_data/test/nevus/ISIC_0015011.jpg,-3.607524871826172,-2.062154531478882
Cancer_data/test/nevus/ISIC_0016005.jpg,-1.1079113483428955,-4.837182998657227
Cancer_data/test/nevus/ISIC_0015202.jpg,0.7234510779380798,-16.06252670288086
Cancer_data/test/nevus/ISIC_0015537.jpg,0.5800014138221741,-4.2701096534729
Cancer_data/test/nevus/ISIC_0016065.jpg,-6.3358049392700195,-9.028009414672852
Cancer_data/test/nevus/ISIC_0016057.jpg,0.46027910709381104,-5.610799312591553
Cancer_data/test/nevus/ISIC_0013191.jpg,-1.7733352184295654,0.29132533073425293
Cancer_data/test/nevus/ISIC_0016072.jpg,0.8407413363456726,-2.3683536052703857
Cancer_data/test/nevus/ISIC_0015298.jpg,-4.851408958435059,-10.388813018798828
Cancer_data/test/nevus/ISIC_0014940.jpg,-1.4923721551895142,-12.223773956298828
Cancer_data/test/nevus/ISIC_0015264.jpg,-1.6802241802215576,-1.6075208187103271
Cancer_data/test/nevus/ISIC_0014773.jpg,-10.74554443359375,-28.118144989013672
Cancer_data/test/nevus/ISIC_0015404.jpg,1.918566346168518,-3.9859976768493652
Cancer_data/test/nevus/ISIC_0015980.jpg,-0.7073215246200562,-7.648200511932373
Cancer_data/test/nevus/ISIC_0015945.jpg,-1.7689292430877686,-6.432674407958984
Cancer_data/test/nevus/ISIC_0015960.jpg,0.6261230707168579,-12.174779891967773
Cancer_data/test/nevus/ISIC_0016027.jpg,-2.279895782470703,-2.750365972518921
Cancer_data/test/nevus/ISIC_0014992.jpg,-0.06232747063040733,-7.449094295501709
Cancer_data/test/nevus/ISIC_0016017.jpg,-2.1499719619750977,-2.9807777404785156
Cancer_data/test/nevus/ISIC_0014728.jpg,-3.287637710571289,-3.9906911849975586
Cancer_data/test/nevus/ISIC_0013325.jpg,-0.9147005677223206,-4.5167670249938965
Cancer_data/test/nevus/ISIC_0014755.jpg,-1.604251742362976,-4.302133083343506
Cancer_data/test/nevus/ISIC_0016037.jpg,0.5128001570701599,-3.467066526412964
Cancer_data/test/nevus/ISIC_0013226.jpg,-2.555103302001953,-2.212862491607666
Cancer_data/test/nevus/ISIC_0016058.jpg,-2.886258125305176,0.0016199462115764618
Cancer_data/test/nevus/ISIC_0014944.jpg,0.7407002449035645,-8.089056015014648
Cancer_data/test/nevus/ISIC_0015973.jpg,-1.3697155714035034,-2.2398221492767334
Cancer_data/test/nevus/ISIC_0015244.jpg,-0.9652586579322815,-6.3401360511779785
Cancer_data/test/nevus/ISIC_0012493.jpg,-1.261156678199768,-3.2317404747009277
Cancer_data/test/nevus/ISIC_0016030.jpg,-0.9014456868171692,-0.3551512360572815
Cancer_data/test/nevus/ISIC_0016054.jpg,-1.9869747161865234,1.1661427021026611
Cancer_data/test/nevus/ISIC_0015207.jpg,-0.721027672290802,-0.07769545912742615
Cancer_data/test/nevus/ISIC_0014820.jpg,-5.942197799682617,-8.547853469848633
Cancer_data/test/nevus/ISIC_0015968.jpg,-0.9978517293930054,-1.704166054725647
Cancer_data/test/nevus/ISIC_0015510.jpg,-1.391479730606079,-2.4962210655212402
Cancer_data/test/nevus/ISIC_0014921.jpg,-3.40679931640625,-15.005762100219727
Cancer_data/test/nevus/ISIC_0015051.jpg,-1.6968209743499756,-2.2555949687957764
Cancer_data/test/nevus/ISIC_0016059.jpg,-0.7662422060966492,-4.05938720703125
Cancer_data/test/nevus/ISIC_0015174.jpg,-0.8106135725975037,-6.6771392822265625
Cancer_data/test/nevus/ISIC_0015476.jpg,0.5475971698760986,-11.071186065673828
Cancer_data/test/nevus/ISIC_0013911.jpg,-0.6710631251335144,-3.1882288455963135
Cancer_data/test/nevus/ISIC_0014949.jpg,-1.2113198041915894,-9.375811576843262
Cancer_data/test/nevus/ISIC_0014941.jpg,-3.395415782928467,-17.58167266845703
Cancer_data/test/nevus/ISIC_0016023.jpg,-1.6969411373138428,0.36803770065307617
Cancer_data/test/nevus/ISIC_0015002.jpg,-1.8276824951171875,-0.29738080501556396
Cancer_data/test/nevus/ISIC_0015040.jpg,-3.159217357635498,2.278017997741699
Cancer_data/test/nevus/ISIC_0016042.jpg,-3.1246912479400635,-4.686285495758057
Cancer_data/test/nevus/ISIC_0014901.jpg,-2.4140102863311768,-2.701004981994629
Cancer_data/test/nevus/ISIC_0015203.jpg,-0.06125177815556526,-1.3196102380752563
Cancer_data/test/nevus/ISIC_0015631.jpg,-2.0994858741760254,-3.7316672801971436
Cancer_data/test/nevus/ISIC_0014964.jpg,-2.152452230453491,-7.995105266571045
Cancer_data/test/nevus/ISIC_0015955.jpg,-1.044395089149475,-1.9825552701950073
Cancer_data/test/nevus/ISIC_0014958.jpg,-0.45372897386550903,-4.165996551513672
Cancer_data/test/nevus/ISIC_0015015.jpg,0.9008298516273499,-8.256229400634766
Cancer_data/test/nevus/ISIC_0015089.jpg,0.15236200392246246,-7.14061975479126
Cancer_data/test/nevus/ISIC_0016002.jpg,-1.604720115661621,-5.03268575668335
Cancer_data/test/nevus/ISIC_0015360.jpg,1.3853628635406494,-9.441633224487305
Cancer_data/test/nevus/ISIC_0014973.jpg,-2.2292895317077637,-11.984177589416504
Cancer_data/test/nevus/ISIC_0013269.jpg,-1.2360095977783203,-6.086680889129639
Cancer_data/test/nevus/ISIC_0014814.jpg,-4.019505977630615,-8.816634178161621
Cancer_data/test/nevus/ISIC_0014117.jpg,-0.7097200751304626,-5.201631546020508
Cancer_data/test/nevus/ISIC_0015999.jpg,-2.534761905670166,-4.001575469970703
Cancer_data/test/nevus/ISIC_0014927.jpg,-1.9227315187454224,-8.671809196472168
Cancer_data/test/nevus/ISIC_0015963.jpg,-3.624171018600464,-1.9824845790863037
Cancer_data/test/nevus/ISIC_0014792.jpg,-1.0019761323928833,2.394543409347534
Cancer_data/test/nevus/ISIC_0015018.jpg,-1.9581409692764282,0.1589670032262802
Cancer_data/test/nevus/ISIC_0016061.jpg,-0.9633490443229675,-5.0426025390625
Cancer_data/test/nevus/ISIC_0012722.jpg,-2.6624343395233154,-2.7848362922668457
Cancer_data/test/nevus/ISIC_0015967.jpg,-1.124529242515564,-1.5955485105514526
Cancer_data/test/nevus/ISIC_0015161.jpg,-3.6478404998779297,-0.09171183407306671
Cancer_data/test/nevus/ISIC_0015056.jpg,-0.8290929198265076,-1.5624983310699463
Cancer_data/test/nevus/ISIC_0015969.jpg,0.253357470035553,-4.645425319671631
Cancer_data/test/nevus/ISIC_0016031.jpg,0.4986790418624878,-4.375959396362305
Cancer_data/test/nevus/ISIC_0016062.jpg,-0.9458141326904297,-6.629551410675049
Cancer_data/test/nevus/ISIC_0015034.jpg,-1.8429087400436401,-9.703659057617188
Cancer_data/test/nevus/ISIC_0015013.jpg,-1.6791976690292358,0.5338628888130188
Cancer_data/test/nevus/ISIC_0015419.jpg,-3.7957608699798584,-3.04705810546875
Cancer_data/test/nevus/ISIC_0015175.jpg,-4.875747203826904,-8.429410934448242
Cancer_data/test/nevus/ISIC_0015526.jpg,-0.5129738450050354,-9.829645156860352
Cancer_data/test/nevus/ISIC_0015942.jpg,-3.216578960418701,-3.2325992584228516
Cancer_data/test/nevus/ISIC_0015160.jpg,-3.750978946685791,0.8735214471817017
Cancer_data/test/nevus/ISIC_0014677.jpg,-0.7534209489822388,-2.958289623260498
Cancer_data/test/nevus/ISIC_0014822.jpg,-2.6899242401123047,-5.954434394836426
Cancer_data/test/nevus/ISIC_0015140.jpg,-0.21982891857624054,-4.848735332489014
Cancer_data/test/nevus/ISIC_0015975.jpg,-2.152128219604492,-8.502946853637695
Cancer_data/test/nevus/ISIC_0012092.jpg,-1.0268446207046509,-6.332344055175781
Cancer_data/test/nevus/ISIC_0014868.jpg,-1.4806792736053467,-5.0372538566589355
Cancer_data/test/nevus/ISIC_0015957.jpg,-2.5794565677642822,2.257467746734619
Cancer_data/test/nevus/ISIC_0016048.jpg,-1.1655269861221313,-2.744032621383667
Cancer_data/test/nevus/ISIC_0013109.jpg,-2.596351385116577,-6.512560844421387
Cancer_data/test/nevus/ISIC_0016043.jpg,-2.112947940826416,-1.3373563289642334
Cancer_data/test/nevus/ISIC_0015468.jpg,-1.4639183282852173,-2.841167688369751
Cancer_data/test/nevus/ISIC_0015364.jpg,-1.5780918598175049,0.3057974576950073
Cancer_data/test/nevus/ISIC_0015250.jpg,0.1116291731595993,-1.9137606620788574
Cancer_data/test/nevus/ISIC_0015412.jpg,-0.7439582943916321,-4.183056831359863
Cancer_data/test/nevus/ISIC_0015943.jpg,-2.7425613403320312,-3.7547473907470703
Cancer_data/test/nevus/ISIC_0016049.jpg,0.19854138791561127,-8.557226181030273
Cancer_data/test/nevus/ISIC_0016040.jpg,-1.5265408754348755,-1.9443787336349487
Cancer_data/test/nevus/ISIC_0016069.jpg,-2.2269370555877686,-3.695436716079712
Cancer_data/test/nevus/ISIC_0015395.jpg,-2.779653310775757,-1.7145094871520996
Cancer_data/test/nevus/ISIC_0015989.jpg,-1.8995271921157837,-0.20343397557735443
Cancer_data/test/nevus/ISIC_0015954.jpg,-1.034176230430603,-7.427613258361816
Cancer_data/test/nevus/ISIC_0016066.jpg,0.6951385140419006,-3.0147383213043213
Cancer_data/test/nevus/ISIC_0015440.jpg,-0.8439845442771912,-1.0201514959335327
Cancer_data/test/nevus/ISIC_0013529.jpg,0.8436697721481323,-5.456292152404785
Cancer_data/test/nevus/ISIC_0016014.jpg,-1.8517365455627441,-4.390142917633057
Cancer_data/test/nevus/ISIC_0015331.jpg,-1.8950302600860596,0.5956802368164062
Cancer_data/test/nevus/ISIC_0015270.jpg,-1.8738973140716553,-8.454652786254883
Cancer_data/test/nevus/ISIC_0016071.jpg,-0.5102225542068481,-4.4498515129089355
Cancer_data/test/nevus/ISIC_0014780.jpg,-1.3608911037445068,-6.632094860076904
Cancer_data/test/nevus/ISIC_0014749.jpg,-0.5994132161140442,-4.388548374176025
Cancer_data/test/nevus/ISIC_0015625.jpg,0.5673413872718811,-6.192213535308838
Cancer_data/test/nevus/ISIC_0015226.jpg,-1.645616054534912,-1.9477424621582031
Cancer_data/test/nevus/ISIC_0016025.jpg,-0.27156755328178406,-10.389986991882324
Cancer_data/test/nevus/ISIC_0016028.jpg,-3.7561240196228027,2.3851423263549805
Cancer_data/test/nevus/ISIC_0015966.jpg,-2.2749900817871094,-3.4747657775878906
Cancer_data/test/nevus/ISIC_0015330.jpg,-0.8104951977729797,-5.4235358238220215
Cancer_data/test/nevus/ISIC_0015953.jpg,-1.015158772468567,-1.967797875404358
Cancer_data/test/nevus/ISIC_0015283.jpg,-2.799807548522949,-8.34095287322998
Cancer_data/test/nevus/ISIC_0015216.jpg,-2.730360984802246,-0.036740485578775406
Cancer_data/test/nevus/ISIC_0015617.jpg,-0.6594889760017395,-5.733932971954346
Cancer_data/test/nevus/ISIC_0016033.jpg,0.12722869217395782,-2.901207447052002
Cancer_data/test/nevus/ISIC_0015276.jpg,-1.6455395221710205,-1.6154720783233643
Cancer_data/test/nevus/ISIC_0012152.jpg,-0.8246601223945618,-2.9450619220733643
Cancer_data/test/nevus/ISIC_0015176.jpg,-0.6189315915107727,-3.3235185146331787
Cancer_data/test/nevus/ISIC_0013602.jpg,1.8334566354751587,-4.581783294677734
Cancer_data/test/nevus/ISIC_0015959.jpg,-0.3646976351737976,-4.421806812286377
Cancer_data/test/nevus/ISIC_0015310.jpg,0.0697593241930008,-3.1050055027008057
Cancer_data/test/nevus/ISIC_0015386.jpg,1.258674144744873,-6.977963447570801
Cancer_data/test/nevus/ISIC_0016046.jpg,-1.1079351902008057,-3.133917808532715
Cancer_data/test/nevus/ISIC_0014675.jpg,-1.3132789134979248,-3.08017635345459
Cancer_data/test/nevus/ISIC_0015184.jpg,-2.3359766006469727,-2.4920620918273926
Cancer_data/test/nevus/ISIC_0015961.jpg,0.18191279470920563,-10.799517631530762
Cancer_data/test/nevus/ISIC_0015436.jpg,-1.8313478231430054,-4.2017130851745605
Cancer_data/test/nevus/ISIC_0015937.jpg,-12.011752128601074,-24.326091766357422
Cancer_data/test/nevus/ISIC_0015155.jpg,-0.2189953327178955,-5.032189846038818
Cancer_data/test/nevus/ISIC_0014969.jpg,-0.6428235173225403,-1.458819031715393
Cancer_data/test/nevus/ISIC_0013230.jpg,-1.332577109336853,-5.5622477531433105
Cancer_data/test/nevus/ISIC_0015173.jpg,-0.8107200264930725,-2.1213858127593994
Cancer_data/test/nevus/ISIC_0015201.jpg,-2.487586736679077,-11.39769458770752
Cancer_data/test/nevus/ISIC_0012903.jpg,-9.817381858825684,-15.161670684814453
Cancer_data/test/nevus/ISIC_0015485.jpg,-3.610227346420288,2.337069034576416
Cancer_data/test/nevus/ISIC_0015965.jpg,-0.7537624835968018,-4.83159065246582
Cancer_data/test/nevus/ISIC_0016029.jpg,-0.7577511668205261,-3.310253620147705
Cancer_data/test/nevus/ISIC_0014753.jpg,-0.3643501400947571,-5.151284217834473
Cancer_data/test/nevus/ISIC_0015008.jpg,-1.6023250818252563,-0.6593296527862549
Cancer_data/test/nevus/ISIC_0015411.jpg,-3.3991281986236572,-12.418201446533203
Cancer_data/test/nevus/ISIC_0014693.jpg,0.3263797163963318,-4.9453325271606445
Cancer_data/test/nevus/ISIC_0015009.jpg,-1.9909288883209229,-0.034707918763160706
Cancer_data/test/nevus/ISIC_0015291.jpg,-1.9210220575332642,-2.8713624477386475
Cancer_data/test/nevus/ISIC_0013738.jpg,-3.230861186981201,-2.439849615097046
Cancer_data/test/nevus/ISIC_0015962.jpg,-2.3902089595794678,-3.8826773166656494
Cancer_data/test/nevus/ISIC_0015363.jpg,-2.6353538036346436,1.4072595834732056
Cancer_data/test/nevus/ISIC_0015208.jpg,0.5926085114479065,-7.618338584899902
Cancer_data/test/nevus/ISIC_0015984.jpg,-2.7071914672851562,2.9755704402923584
Cancer_data/test/nevus/ISIC_0015369.jpg,-1.0027202367782593,-2.373516321182251
Cancer_data/test/nevus/ISIC_0016036.jpg,0.8994883894920349,-1.346133828163147
Cancer_data/test/nevus/ISIC_0014854.jpg,-4.261900901794434,-15.423112869262695
Cancer_data/test/nevus/ISIC_0015638.jpg,-0.7228897213935852,-8.740659713745117
Cancer_data/test/nevus/ISIC_0015950.jpg,-1.8815375566482544,-3.215847969055176
Cancer_data/test/nevus/ISIC_0015466.jpg,0.884499728679657,-4.933643817901611
Cancer_data/test/nevus/ISIC_0015568.jpg,-0.370367169380188,-9.512899398803711
Cancer_data/test/nevus/ISIC_0015179.jpg,0.13032491505146027,-4.91575288772583
Cancer_data/test/nevus/ISIC_0012904.jpg,-1.8756734132766724,-3.9665486812591553
Cancer_data/test/nevus/ISIC_0013600.jpg,0.16632406413555145,-5.293465614318848
Cancer_data/test/nevus/ISIC_0014956.jpg,-1.7064553499221802,-11.428942680358887
Cancer_data/test/nevus/ISIC_0014740.jpg,-0.47564172744750977,-0.5242156386375427
Cancer_data/test/nevus/ISIC_0016063.jpg,-1.1974483728408813,-3.5512032508850098
Cancer_data/test/nevus/ISIC_0014955.jpg,0.006961464881896973,-4.815174579620361
Cancer_data/test/nevus/ISIC_0014765.jpg,-0.5083412528038025,-5.189042568206787
Cancer_data/test/nevus/ISIC_0015171.jpg,-0.3160843849182129,-3.2347412109375
Cancer_data/test/nevus/ISIC_0015023.jpg,-2.0296671390533447,-1.199995517730713
Cancer_data/test/nevus/ISIC_0015258.jpg,-2.0574450492858887,-1.7284550666809082
Cancer_data/test/nevus/ISIC_0016045.jpg,-7.373182773590088,-12.184432983398438
Cancer_data/test/nevus/ISIC_0016016.jpg,0.17104031145572662,-5.981400966644287
Cancer_data/test/nevus/ISIC_0015645.jpg,-0.1807200163602829,-8.284849166870117
Cancer_data/test/nevus/ISIC_0015064.jpg,-0.28422534465789795,-2.772048234939575
Cancer_data/test/nevus/ISIC_0013809.jpg,1.386791467666626,-2.173258066177368
Cancer_data/test/nevus/ISIC_0015544.jpg,1.026480793952942,-5.334814548492432
Cancer_data/test/nevus/ISIC_0016019.jpg,-1.217665195465088,-1.3620682954788208
Cancer_data/test/nevus/ISIC_0014815.jpg,-0.4063965678215027,-6.650524139404297
Cancer_data/test/nevus/ISIC_0015417.jpg,0.7487120032310486,-10.006519317626953
Cancer_data/test/nevus/ISIC_0015003.jpg,-0.3057350516319275,-6.163309097290039
Cancer_data/test/nevus/ISIC_0013216.jpg,-1.4897633790969849,-4.127966403961182
Cancer_data/test/nevus/ISIC_0015118.jpg,-1.9455467462539673,-2.565181255340576
Cancer_data/test/nevus/ISIC_0014948.jpg,1.3683849573135376,-2.919923782348633
Cancer_data/test/nevus/ISIC_0015971.jpg,-1.6217880249023438,-6.672144412994385
Cancer_data/test/nevus/ISIC_0014938.jpg,-0.23546364903450012,-9.85196304321289
Cancer_data/test/nevus/ISIC_0014943.jpg,-2.0719828605651855,-3.4977474212646484
Cancer_data/test/nevus/ISIC_0016035.jpg,-0.14904148876667023,-0.5194007158279419
Cancer_data/test/nevus/ISIC_0015983.jpg,-2.7239928245544434,6.39669942855835
Cancer_data/test/nevus/ISIC_0014698.jpg,-2.1789543628692627,-4.3394904136657715
Cancer_data/test/nevus/ISIC_0015218.jpg,1.247390627861023,-11.754423141479492
Cancer_data/test/nevus/ISIC_0016018.jpg,-5.74898099899292,-8.864628791809082
Cancer_data/test/nevus/ISIC_0016004.jpg,0.7417287230491638,-5.4286651611328125
Cancer_data/test/nevus/ISIC_0015958.jpg,-0.7706964015960693,-0.43451935052871704
Cancer_data/test/nevus/ISIC_0015031.jpg,-5.485551834106445,1.7080063819885254
Cancer_data/test/nevus/ISIC_0014798.jpg,-2.017693281173706,-3.5979130268096924
Cancer_data/test/nevus/ISIC_0015223.jpg,-1.8031667470932007,-2.8756580352783203
Cancer_data/test/nevus/ISIC_0015212.jpg,-5.05935001373291,-11.256979942321777
Cancer_data/test/nevus/ISIC_0015603.jpg,0.002356491982936859,-3.3408265113830566
Cancer_data/test/nevus/ISIC_0013897.jpg,-1.8360663652420044,-0.46128547191619873
Cancer_data/test/nevus/ISIC_0015982.jpg,-2.6895389556884766,-7.629276752471924
Cancer_data/test/nevus/ISIC_0014090.jpg,-1.5075889825820923,-2.3081281185150146
Cancer_data/test/nevus/ISIC_0015593.jpg,-1.9475209712982178,-3.715423822402954
Cancer_data/test/nevus/ISIC_0015312.jpg,-0.16401684284210205,-6.098728179931641
Cancer_data/test/nevus/ISIC_0015217.jpg,-6.564341068267822,-11.084795951843262
Cancer_data/test/nevus/ISIC_0012836.jpg,-2.4884111881256104,-3.9566941261291504
Cancer_data/test/nevus/ISIC_0012654.jpg,-1.6460647583007812,-3.7956857681274414
Cancer_data/test/nevus/ISIC_0016056.jpg,-0.34200429916381836,-2.149991273880005
Cancer_data/test/nevus/ISIC_0012941.jpg,-2.887068271636963,0.12668447196483612
Cancer_data/test/nevus/ISIC_0013159.jpg,-1.2632209062576294,0.07034428417682648
Cancer_data/test/nevus/ISIC_0015157.jpg,-1.0892313718795776,-1.7967246770858765
Cancer_data/test/nevus/ISIC_0015357.jpg,-2.4277515411376953,-1.2353800535202026
Cancer_data/test/nevus/ISIC_0014470.jpg,-2.749701738357544,-0.17053911089897156
Cancer_data/test/nevus/ISIC_0015972.jpg,-1.1869361400604248,-3.831995725631714
Cancer_data/test/nevus/ISIC_0015416.jpg,-0.4475250840187073,-2.4471678733825684
Cancer_data/test/nevus/ISIC_0015152.jpg,-0.5704626441001892,-5.225085735321045
Cancer_data/test/nevus/ISIC_0014907.jpg,-2.686314582824707,-0.8573485612869263
Cancer_data/test/nevus/ISIC_0015026.jpg,-0.42756783962249756,-1.8557466268539429
Cancer_data/test/nevus/ISIC_0014807.jpg,0.5302476286888123,-5.488662242889404
Cancer_data/test/nevus/ISIC_0015998.jpg,-0.7032012939453125,-4.299639701843262
Cancer_data/test/nevus/ISIC_0014725.jpg,-3.052445650100708,-7.00639009475708
Cancer_data/test/nevus/ISIC_0016007.jpg,-0.5354885458946228,-3.454896926879883
Cancer_data/test/nevus/ISIC_0015949.jpg,-3.588524580001831,-3.408393144607544
Cancer_data/test/nevus/ISIC_0014952.jpg,-2.0423285961151123,-5.557305335998535
Cancer_data/test/nevus/ISIC_0014910.jpg,0.3586896061897278,-3.2856857776641846
Cancer_data/test/nevus/ISIC_0015559.jpg,0.329085111618042,-6.0962815284729
Cancer_data/test/nevus/ISIC_0015636.jpg,-2.2026333808898926,-0.2828187942504883
Cancer_data/test/nevus/ISIC_0014746.jpg,-2.0379974842071533,-2.3548898696899414
Cancer_data/test/nevus/ISIC_0015241.jpg,-11.967772483825684,-20.066736221313477
Cancer_data/test/nevus/ISIC_0013399.jpg,-2.1000399589538574,-2.7597031593322754
Cancer_data/test/nevus/ISIC_0015978.jpg,-2.874523162841797,0.7236794829368591
Cancer_data/test/nevus/ISIC_0013511.jpg,0.45903122425079346,-0.8852846622467041
Cancer_data/test/nevus/ISIC_0015311.jpg,-2.424699306488037,-4.239441394805908
Cancer_data/test/nevus/ISIC_0015641.jpg,-3.258108139038086,1.379538655281067
Cancer_data/test/nevus/ISIC_0015390.jpg,-1.0119410753250122,0.21568360924720764
Cancer_data/test/nevus/ISIC_0015951.jpg,-2.1568801403045654,-1.6875858306884766
Cancer_data/test/nevus/ISIC_0014833.jpg,-1.5745478868484497,-0.037827134132385254
Cancer_data/test/nevus/ISIC_0015992.jpg,-1.4892020225524902,-5.009946823120117
Cancer_data/test/nevus/ISIC_0014936.jpg,-1.5936893224716187,-8.824103355407715
Cancer_data/test/nevus/ISIC_0015993.jpg,-1.0963443517684937,-4.546772480010986
Cancer_data/test/nevus/ISIC_0016003.jpg,-1.2130271196365356,-7.860362529754639
Cancer_data/test/nevus/ISIC_0015383.jpg,-0.009108461439609528,-13.16596794128418
Cancer_data/test/nevus/ISIC_0013416.jpg,-9.007655143737793,-11.391246795654297
Cancer_data/test/nevus/ISIC_0015455.jpg,-1.4205162525177002,-4.417649269104004
Cancer_data/test/nevus/ISIC_0014994.jpg,-1.8620940446853638,-0.8864943385124207
Cancer_data/test/nevus/ISIC_0012837.jpg,-0.4840853810310364,-3.8956034183502197
Cancer_data/test/nevus/ISIC_0015102.jpg,-0.8467482328414917,-2.005429744720459
Cancer_data/test/nevus/ISIC_0016055.jpg,-0.28973180055618286,-4.047918796539307
Cancer_data/test/nevus/ISIC_0015481.jpg,0.21760357916355133,-3.4582741260528564
Cancer_data/test/nevus/ISIC_0016022.jpg,-0.08318473398685455,-4.140408992767334
Cancer_data/test/nevus/ISIC_0015224.jpg,-0.37023496627807617,-1.2842222452163696
Cancer_data/test/nevus/ISIC_0015139.jpg,-0.6021400094032288,-8.393600463867188
Cancer_data/test/nevus/ISIC_0013291.jpg,-0.6900370717048645,-1.087501049041748
Cancer_data/test/nevus/ISIC_0014768.jpg,-0.4783084988594055,-2.9480929374694824
Cancer_data/test/nevus/ISIC_0015279.jpg,-1.1316742897033691,-2.860466957092285
Cancer_data/test/nevus/ISIC_0016064.jpg,-3.019559621810913,-4.27424955368042
Cancer_data/test/nevus/ISIC_0014974.jpg,0.09285521507263184,-3.4046666622161865
Cancer_data/test/nevus/ISIC_0015956.jpg,0.023992210626602173,-8.900193214416504
Cancer_data/test/nevus/ISIC_0015946.jpg,-1.929711103439331,-4.236028671264648
Cancer_data/test/nevus/ISIC_0016050.jpg,-0.28336286544799805,-3.947118043899536
Cancer_data/test/nevus/ISIC_0016000.jpg,0.921801745891571,-0.7010675668716431
Cancer_data/test/nevus/ISIC_0015274.jpg,-0.5337033867835999,-2.839365243911743
Cancer_data/test/nevus/ISIC_0012147.jpg,-0.09984418004751205,-2.962937831878662
Cancer_data/test/nevus/ISIC_0015939.jpg,0.8736267685890198,-2.922966718673706
Cancer_data/test/nevus/ISIC_0015614.jpg,0.0553629994392395,-4.245466709136963
Cancer_data/test/nevus/ISIC_0015979.jpg,-0.8246601223945618,-2.9450619220733643
Cancer_data/test/nevus/ISIC_0015273.jpg,-2.9237735271453857,0.1724081039428711
Cancer_data/test/seborrheic_keratosis/ISIC_0012522.jpg,-1.387003779411316,-0.8161768913269043
Cancer_data/test/seborrheic_keratosis/ISIC_0012852.jpg,-2.214745044708252,0.7620333433151245
Cancer_data/test/seborrheic_keratosis/ISIC_0012372.jpg,-5.131868362426758,7.155174732208252
Cancer_data/test/seborrheic_keratosis/ISIC_0012928.jpg,-3.545257329940796,3.1974947452545166
Cancer_data/test/seborrheic_keratosis/ISIC_0014619.jpg,-2.87758207321167,4.619410991668701
Cancer_data/test/seborrheic_keratosis/ISIC_0012537.jpg,-6.555490016937256,-9.815468788146973
Cancer_data/test/seborrheic_keratosis/ISIC_0012215.jpg,-0.864643394947052,1.34705650806427
Cancer_data/test/seborrheic_keratosis/ISIC_0012314.jpg,-2.0245087146759033,-0.014203915372490883
Cancer_data/test/seborrheic_keratosis/ISIC_0012265.jpg,0.5008829236030579,-1.0986956357955933
Cancer_data/test/seborrheic_keratosis/ISIC_0013708.jpg,-2.1455349922180176,4.194045543670654
Cancer_data/test/seborrheic_keratosis/ISIC_0012375.jpg,-2.948183536529541,3.4163618087768555
Cancer_data/test/seborrheic_keratosis/ISIC_0014648.jpg,-6.187711715698242,7.595901012420654
Cancer_data/test/seborrheic_keratosis/ISIC_0014653.jpg,-7.496631145477295,9.95376205444336
Cancer_data/test/seborrheic_keratosis/ISIC_0013203.jpg,-1.908117413520813,0.8847826719284058
Cancer_data/test/seborrheic_keratosis/ISIC_0014626.jpg,-2.7469780445098877,3.707444429397583
Cancer_data/test/seborrheic_keratosis/ISIC_0012414.jpg,-1.7465802431106567,0.34676694869995117
Cancer_data/test/seborrheic_keratosis/ISIC_0012848.jpg,-0.8281986713409424,-1.8418265581130981
Cancer_data/test/seborrheic_keratosis/ISIC_0013673.jpg,-2.538630962371826,1.5213171243667603
Cancer_data/test/seborrheic_keratosis/ISIC_0013169.jpg,-3.3500359058380127,3.78617262840271
Cancer_data/test/seborrheic_keratosis/ISIC_0014652.jpg,-2.4705352783203125,1.2739187479019165
Cancer_data/test/seborrheic_keratosis/ISIC_0012207.jpg,-3.778704881668091,0.595479428768158
Cancer_data/test/seborrheic_keratosis/ISIC_0014419.jpg,-1.3012009859085083,1.8501321077346802
Cancer_data/test/seborrheic_keratosis/ISIC_0012548.jpg,-2.5450055599212646,1.8560503721237183
Cancer_data/test/seborrheic_keratosis/ISIC_0014590.jpg,-5.096036434173584,8.763082504272461
Cancer_data/test/seborrheic_keratosis/ISIC_0012272.jpg,-0.6901125311851501,0.48908382654190063
Cancer_data/test/seborrheic_keratosis/ISIC_0014649.jpg,-7.971941947937012,11.205892562866211
Cancer_data/test/seborrheic_keratosis/ISIC_0013030.jpg,-1.923462986946106,0.29836058616638184
Cancer_data/test/seborrheic_keratosis/ISIC_0013764.jpg,1.2323673963546753,0.4814910888671875
Cancer_data/test/seborrheic_keratosis/ISIC_0014503.jpg,-3.298051118850708,0.7708121538162231
Cancer_data/test/seborrheic_keratosis/ISIC_0014574.jpg,-5.162477970123291,6.838649272918701
Cancer_data/test/seborrheic_keratosis/ISIC_0014278.jpg,-3.7996511459350586,2.52177357673645
Cancer_data/test/seborrheic_keratosis/ISIC_0014251.jpg,-2.9319570064544678,4.4803147315979
Cancer_data/test/seborrheic_keratosis/ISIC_0014457.jpg,0.02353818714618683,-3.3261635303497314
Cancer_data/test/seborrheic_keratosis/ISIC_0012388.jpg,-4.793507099151611,5.6206793785095215
Cancer_data/test/seborrheic_keratosis/ISIC_0014006.jpg,-2.476335048675537,1.0944041013717651
Cancer_data/test/seborrheic_keratosis/ISIC_0012974.jpg,-5.528666019439697,7.957746982574463
Cancer_data/test/seborrheic_keratosis/ISIC_0012757.jpg,-3.8796122074127197,5.689071178436279
Cancer_data/test/seborrheic_keratosis/ISIC_0013270.jpg,1.4820588827133179,-6.3917717933654785
Cancer_data/test/seborrheic_keratosis/ISIC_0013035.jpg,-3.8820488452911377,4.593935966491699
Cancer_data/test/seborrheic_keratosis/ISIC_0014575.jpg,-6.0660400390625,8.004969596862793
Cancer_data/test/seborrheic_keratosis/ISIC_0014645.jpg,-3.8996903896331787,4.930271148681641
Cancer_data/test/seborrheic_keratosis/ISIC_0014409.jpg,-1.954574465751648,-4.110929489135742
Cancer_data/test/seborrheic_keratosis/ISIC_0013465.jpg,-2.465528726577759,0.20301710069179535
Cancer_data/test/seborrheic_keratosis/ISIC_0012323.jpg,-1.450307011604309,1.1588929891586304
Cancer_data/test/seborrheic_keratosis/ISIC_0012086.jpg,-0.8357025384902954,-0.31279659271240234
Cancer_data/test/seborrheic_keratosis/ISIC_0012955.jpg,-3.617921829223633,1.7909802198410034
Cancer_data/test/seborrheic_keratosis/ISIC_0014386.jpg,-3.948911190032959,2.187203884124756
Cancer_data/test/seborrheic_keratosis/ISIC_0012240.jpg,-0.7310472726821899,0.3412591218948364
Cancer_data/test/seborrheic_keratosis/ISIC_0012273.jpg,-2.8560495376586914,3.9478118419647217
Cancer_data/test/seborrheic_keratosis/ISIC_0012510.jpg,-0.8501192927360535,-0.5330283045768738
Cancer_data/test/seborrheic_keratosis/ISIC_0012447.jpg,-1.1452209949493408,1.2836990356445312
Cancer_data/test/seborrheic_keratosis/ISIC_0012266.jpg,-1.0547564029693604,-0.057896554470062256
Cancer_data/test/seborrheic_keratosis/ISIC_0012223.jpg,-0.20971667766571045,-0.4973788857460022
Cancer_data/test/seborrheic_keratosis/ISIC_0012428.jpg,0.0428888201713562,-1.2856764793395996
Cancer_data/test/seborrheic_keratosis/ISIC_0014643.jpg,-4.077563285827637,4.189615249633789
Cancer_data/test/seborrheic_keratosis/ISIC_0013271.jpg,-3.712407112121582,4.075659275054932
Cancer_data/test/seborrheic_keratosis/ISIC_0013319.jpg,-2.923462390899658,5.367063522338867
Cancer_data/test/seborrheic_keratosis/ISIC_0012786.jpg,-3.754814386367798,4.236589431762695
Cancer_data/test/seborrheic_keratosis/ISIC_0012448.jpg,-1.9823178052902222,0.263904869556427
Cancer_data/test/seborrheic_keratosis/ISIC_0014647.jpg,-2.995722532272339,1.035382628440857
Cancer_data/test/seborrheic_keratosis/ISIC_0012199.jpg,1.360452651977539,-1.5115811824798584
Cancer_data/test/seborrheic_keratosis/ISIC_0014629.jpg,-5.277283191680908,4.930586338043213
Cancer_data/test/seborrheic_keratosis/ISIC_0013170.jpg,-4.495016098022461,1.1892894506454468
Cancer_data/test/seborrheic_keratosis/ISIC_0013977.jpg,-2.945251941680908,0.8719898462295532
Cancer_data/test/seborrheic_keratosis/ISIC_0014474.jpg,-3.732386350631714,5.788166046142578
Cancer_data/test/seborrheic_keratosis/ISIC_0014586.jpg,0.9306049346923828,-4.131672382354736
Cancer_data/test/seborrheic_keratosis/ISIC_0012358.jpg,-5.301375389099121,7.693632125854492
Cancer_data/test/seborrheic_keratosis/ISIC_0014627.jpg,-6.064202785491943,7.855400562286377
Cancer_data/test/seborrheic_keratosis/ISIC_0014587.jpg,-1.0167365074157715,0.5233324766159058
Cancer_data/test/seborrheic_keratosis/ISIC_0014634.jpg,-5.05729866027832,4.887646675109863
Cancer_data/test/seborrheic_keratosis/ISIC_0012330.jpg,-1.2330925464630127,-0.2702775001525879
Cancer_data/test/seborrheic_keratosis/ISIC_0012705.jpg,-0.47997331619262695,1.1924744844436646
Cancer_data/test/seborrheic_keratosis/ISIC_0014392.jpg,-2.276109218597412,4.068913459777832
Cancer_data/test/seborrheic_keratosis/ISIC_0013085.jpg,-2.656096935272217,3.3333096504211426
Cancer_data/test/seborrheic_keratosis/ISIC_0012364.jpg,-2.8806886672973633,2.554537296295166
Cancer_data/test/seborrheic_keratosis/ISIC_0014600.jpg,-0.516362726688385,0.3807239532470703
Cancer_data/test/seborrheic_keratosis/ISIC_0012387.jpg,-2.5341315269470215,1.9982353448867798
Cancer_data/test/seborrheic_keratosis/ISIC_0014177.jpg,-2.933570384979248,2.0695695877075195
Cancer_data/test/seborrheic_keratosis/ISIC_0013393.jpg,-0.8342984318733215,-0.19443725049495697
Cancer_data/test/seborrheic_keratosis/ISIC_0012136.jpg,-0.8182694911956787,0.7582940459251404
Cancer_data/test/seborrheic_keratosis/ISIC_0014631.jpg,-3.5076146125793457,1.5379809141159058
Cancer_data/test/seborrheic_keratosis/ISIC_0014567.jpg,-3.6160945892333984,4.960501670837402
Cancer_data/test/seborrheic_keratosis/ISIC_0012432.jpg,-3.655027151107788,0.20920711755752563
Cancer_data/test/seborrheic_keratosis/ISIC_0013281.jpg,-1.8546851873397827,2.9159369468688965
Cancer_data/test/seborrheic_keratosis/ISIC_0014644.jpg,-1.826644778251648,2.086639642715454
Cancer_data/test/seborrheic_keratosis/ISIC_0012134.jpg,-2.5381085872650146,2.532886505126953
Cancer_data/test/seborrheic_keratosis/ISIC_0014500.jpg,-0.5532330274581909,0.809826672077179
Cancer_data/test/seborrheic_keratosis/ISIC_0012178.jpg,-1.4294430017471313,1.2296680212020874
Cancer_data/test/seborrheic_keratosis/ISIC_0012248.jpg,-0.9330977201461792,-0.3202964663505554
Cancer_data/test/seborrheic_keratosis/ISIC_0014588.jpg,-2.1921651363372803,2.1431632041931152
